{
    "answers": {
        "phase": "design",
        "action": "use case specification",
        "scope": "uml sequence",
        "action experience": 3,
        "language": "other",
        "other language": "uml",
        "aimodel": "chatgpt",
        "aimodel version": "open free",
        "open source aimodel": "<fill in>",
        "tool option": "online free",
        "experience with tool": 4,
        "time allocated (h)": "0.2",
        "time saved estimate (h)": "1.5", 
        "quality of ai help": 4,
        "knowledge acquired": 3,
        "generic feeling - now": 4,
        "generic feeling - future": 4,
        "threat level": 1,
        "notes": "<fill in>"
    }
}