{
    "answers": {
        "phase": "architecture",
        "action": "architectural decision",
        "scope": "backend",
        "action experience": 5,
        "language": "python",
        "other language": "n/a",
        "aimodel": "chatgpt",
        "aimodel version": "4o",
        "open source aimodel": "n/a",
        "tool option": "online free",
        "experience with tool": 4,
        "time allocated (h)": "14",
        "time saved estimate (h)": "7",
        "quality of ai help": 5,
        "knowledge acquired": 5,
        "generic feeling - now": 5,
        "generic feeling - future": 5,
        "threat level": 2,
        "notes": "Implemented microservices and event-driven architecture for scalable toll transactions, optimized database with partitioning and caching, and deployed Kubernetes auto-scaling to handle high traffic loads."
    }
}
