{
    "answers": {
        "phase": "coding",
        "action": "code management",
        "scope": "backend",
        "action experience": 4,
        "language": "python",
        "other language": "<fill in>",
        "aimodel": "chatgpt",
        "aimodel version": "3.5",
        "open source aimodel": "<fill in>",
        "tool option": "online free",
        "experience with tool": 4,
        "time allocated (h)": "0.2",
        "time saved estimate (h)": "0.5", 
        "quality of ai help": 5,
        "knowledge acquired": 3,
        "generic feeling - now": 4,
        "generic feeling - future": 5,
        "threat level": 1,
        "notes": "<fill in>"
    }
}