{
    "answers": {
        "phase": "design",
        "action": "design decision",
        "scope": "uml sequence",
        "action experience": 3,
        "language": "n/a",
        "other language": "-",
        "aimodel": "chatgpt",
        "aimodel version": "large language model",
        "open source aimodel": "-",
        "tool option": "online free",
        "experience with tool": 4,
        "time allocated (h)": "0.3",
        "time saved estimate (h)": "1", 
        "quality of ai help": 4,
        "knowledge acquired": 3,
        "generic feeling - now": 3,
        "generic feeling - future": 4,
        "threat level": 1,
        "notes": "-"
    }
}