{
    "answers": {
        "phase": "architecture",
        "action": "architectural decision",
        "scope": "frontend",
        "action experience": 4,
        "language": "js",
        "other language": "<fill in>",
        "aimodel": "chatgpt",
        "aimodel version": "4o",
        "open source aimodel": "<fill in>",
        "tool option": "online free",
        "experience with tool": 5,
        "time allocated (h)": "0.3",
        "time saved estimate (h)": "1", 
        "quality of ai help": 3,
        "knowledge acquired": 4,
        "generic feeling - now": 3,
        "generic feeling - future": 3,
        "threat level": 3,
        "notes": "<fill in>"
    }
}