{
    "answers": {
        "phase": "requirements specification",
        "action": "data design",
        "scope": "data management",
        "action experience": 3,
        "language": "sql",
        "other language": "-",
        "aimodel": "chatgpt",
        "aimodel version": "large language model",
        "open source aimodel": "-",
        "tool option": "online free",
        "experience with tool":  3,
        "time allocated (h)": "0.2",
        "time saved estimate (h)": "0.9", 
        "quality of ai help": 3,
        "knowledge acquired": 3,
        "generic feeling - now":  3,
        "generic feeling - future":  4,
        "threat level": 2,
        "notes": "<fill in>"
    }
}