{
    "answers": {
        "phase": "design",
        "action": "data design",
        "scope": "frontend",
        "action experience": 4,
        "language": "js",
        "other language": "n/a",
        "aimodel": "chatgpt",
        "aimodel version": "4",
        "open source aimodel": "n/a",
        "tool option": "open source",
        "experience with tool": 3,
        "time allocated (h)": "10",
        "time saved estimate (h)": "5",
        "quality of ai help": 5,
        "knowledge acquired": 5,
        "generic feeling - now": 4,
        "generic feeling - future": 5,
        "threat level": 2,
        "notes": ["Implemented table virtualization and server-side pagination for efficient transaction display."]
    }
}
