{
    "answers": {
        "phase": "requirements specification",
        "action": "use case specification",
        "scope": "data management",
        "action experience": 4,
        "language": "python",
        "other language": "n/a",
        "aimodel": "chatgpt",
        "aimodel version": 4,
        "open source aimodel": "n/a",
        "tool option": "online full",
        "experience with tool": 3,
        "time allocated (h)": "12",
        "time saved estimate (h)": "6",
        "quality of ai help": 4,
        "knowledge acquired": 5,
        "generic feeling - now": 4,
        "generic feeling - future": 5,
        "threat level": 2,
        "notes": "Implemented GDPR compliance features including data encryption, user data export, account deletion, consent management, and automated data retention policies."
    }
}
