{
    "answers": {
        "phase": "testing",
        "action": "performance testing",
        "scope": "api",
        "action experience": 4,
        "language": "python",
        "other language": "n/a",
        "aimodel": "chatgpt",
        "aimodel version": "4",
        "open source aimodel": "n/a",
        "tool option": "open source",
        "experience with tool": 3,
        "time allocated (h)": "8",
        "time saved estimate (h)": "4",
        "quality of ai help": 5,
        "knowledge acquired": 5,
        "generic feeling - now": 4,
        "generic feeling - future": 5,
        "threat level": 2,
        "notes": "Used k6 and JMeter to assess API performance under heavy load, identified response time bottlenecks."
    }
}
