{
    "answers": {
        "phase": "requirements gathering",
        "action": "problem understanding",
        "scope": "uml state",
        "action experience": 3,
        "language": "python",
        "other language": "none",
        "aimodel": "chatgpt",
        "aimodel version": "4.0",
        "open source aimodel": "none",
        "tool option": "online free",
        "experience with tool": 4,
        "time allocated (h)": "5",
        "time saved estimate (h)": "2",
        "quality of ai help": 4,
        "knowledge acquired": 3,
        "generic feeling - now": 4,
        "generic feeling - future": 5,
        "threat level": 2,
        "notes": "No additional comments."
    }
}