{
    "answers": {
        "phase": "design",
        "action": "uml activity",
        "scope": "uml activity",
        "action experience": 3,
        "language": "n/a",
        "aimodel": "chatgpt",
        "aimodel version": "4.0",
        "tool option": "online full",
        "experience with tool": 3,
        "time allocated (h)": "2",
        "time saved estimate (h)": "2",
        "quality of ai help": 4,
        "knowledge acquired": 4,
        "generic feeling - now": 4,
        "generic feeling - future": 4,
        "threat level": 2,
        "notes": "Good overview of UML activity diagrams with practical steps."
    }
}
