{
    "answers": {
        "phase": "deployment",
        "action": "integration testing",
        "scope": "backend",
        "action experience": 2,
        "language": "n/a",
        "other language": "<fill in>",
        "aimodel": "chatgpt",
        "aimodel version": "4o",
        "open source aimodel": "<fill in>",
        "tool option": "online free",
        "experience with tool": 3,
        "time allocated (h)": "0.15",
        "time saved estimate (h)": "0.3", 
        "quality of ai help": 5,
        "knowledge acquired": 4,
        "generic feeling - now": 3,
        "generic feeling - future": 4,
        "threat level": 3,
        "notes": "<fill in>"
    }
}