{
    "answers": {
        "phase": "deployment",
        "action": "problem understanding",
        "scope": "api",
        "action experience": 4,
        "language": "js",
        "other language": "n/a",
        "aimodel": "chatgpt",
        "aimodel version": "4",
        "open source aimodel": "n/a",
        "tool option": "online full",
        "experience with tool": 3,
        "time allocated (h)": "10",
        "time saved estimate (h)": "5",
        "quality of ai help": 4,
        "knowledge acquired": 5,
        "generic feeling - now": 4,
        "generic feeling - future": 5,
        "threat level": 2,
        "notes": ["Enhanced API security with JWT authentication, rate limiting, input validation, and secure file uploads. Implemented logging and monitoring for improved visibility."]
    }
}
