{
    "answers": {
        "phase": "design",
        "action": "architectural decision",
        "scope": "backend",
        "action experience": 4,
        "language": "python",
        "other language": "n/a",
        "aimodel": "chatgpt",
        "aimodel version": 4,
        "open source aimodel": "n/a",
        "tool option": "open source",
        "experience with tool": 3,
        "time allocated (h)": "12",
        "time saved estimate (h)": "6",
        "quality of ai help": 4,
        "knowledge acquired": 5,
        "generic feeling - now": 4,
        "generic feeling - future": 5,
        "threat level": 2,
        "notes": "Implemented advanced functional testing for backend transactions, ensuring accuracy and integrity in toll processing workflows."
    }
}
