{
    "answers": {
        "phase": "design",
        "action": "design decision",
        "scope": "uml component",
        "action experience": 2,
        "language": "other",
        "other language": "uml",
        "aimodel": "chatgpt",
        "aimodel version": "3.5",
        "open source aimodel": "<fill in>",
        "tool option": "online free",
        "experience with tool": 4,
        "time allocated (h)": "0.2",
        "time saved estimate (h)": "0.4", 
        "quality of ai help": 4,
        "knowledge acquired": 3,
        "generic feeling - now": 4,
        "generic feeling - future": 5,
        "threat level": 1,
        "notes": "<fill in>"
    }
}