{
    "answers": {
        "phase": "requirements specification",
        "action": "functional requirements",
        "scope": "data management",
        "action experience": 4,
        "language": "sql",
        "other language": "python",
        "aimodel": "chatgpt",
        "aimodel version": "4o",
        "open source aimodel": "<fill in>",
        "tool option": "online free",
        "experience with tool":5,
        "time allocated (h)": "0.05",
        "time saved estimate (h)": "0.15", 
        "quality of ai help": 5,
        "knowledge acquired": 4,
        "generic feeling - now": 4,
        "generic feeling - future": 4,
        "threat level": 3,
        "notes": "<fill in>"
    }
}