{
    "answers": {
        "phase": "architecture",
        "action": "data design",
        "scope": "backend",
        "action experience": 5,
        "language": "sql",
        "other language": "n/a",
        "aimodel": "chatgpt",
        "aimodel version": "4",
        "open source aimodel": "n/a",
        "tool option": "open source",
        "experience with tool": 4,
        "time allocated (h)": "12",
        "time saved estimate (h)": "6",
        "quality of ai help": 5,
        "knowledge acquired": 5,
        "generic feeling - now": 5,
        "generic feeling - future": 5,
        "threat level": 1,
        "notes": ["Designed an optimized database schema for toll transactions with indexing, partitioning, and foreign key constraints for scalability."]
    }
}