{
    "answers": {
        "phase": "requirements gathering",
        "action": "problem understanding",
        "scope": ["data management", "frontend", "backend"],
        "action experience": 1,
        "language": "n/a",
        "other language": "<fill in>",
        "aimodel": "chatgpt",
        "aimodel version": "3.5",
        "open source aimodel": "<fill in>",
        "tool option": "online free",
        "experience with tool": 3,
        "time allocated (h)": "0.1",
        "time saved estimate (h)": "2", 
        "quality of ai help": 4,
        "knowledge acquired": 4,
        "generic feeling - now": 3,
        "generic feeling - future": 4,
        "threat level": 3,
        "notes": "<fill in>"
    }
}