{
    "answers": {
        "phase": "architecture",
        "action": "code management",
        "scope": "backend",
        "action experience": 4,
        "language": "python",
        "aimodel": "chatgpt",
        "aimodel version": "4.0",
        "tool option": "online full",
        "experience with tool": 4,
        "time allocated (h)": "3",
        "time saved estimate (h)": "5",
        "quality of ai help": 5,
        "knowledge acquired": 5,
        "generic feeling - now": 5,
        "generic feeling - future": 5,
        "threat level": 1,
        "notes": "Helpful for structuring Django projects for scalability."
    }
}
