{
    "answers": {
        "phase": "requirements specification",
        "action": "non-functional requirements",
        "scope":  "backend", 
        "action experience":  3, 
        "language": "n/a",
        "other language": "-",
        "aimodel": "chatgpt",
        "aimodel version": "llm",
        "open source aimodel": "-",
        "tool option": "online free",
        "experience with tool":  3, 
        "time allocated (h)": "0.2",
        "time saved estimate (h)": "1", 
        "quality of ai help":  4,
        "knowledge acquired": 3,
        "generic feeling - now":  4, 
        "generic feeling - future": 4,
        "threat level": 1, 
        "notes": "<fill in>"
    }
}