{
    "answers": {
        "phase": "requirements gathering",
        "action": "problem understanding",
        "scope": "uml state",
        "action experience": 0,
        "language": "js",
        "other language": "n/a",
        "aimodel": "chatgpt",
        "aimodel version": "2",
        "open source aimodel": "3",
        "tool option": "online free",
        "experience with tool": 0,
        "time allocated (h)": "4",
        "time saved estimate (h)": "5", 
        "quality of ai help": 0,
        "knowledge acquired": 0,
        "generic feeling - now": 0,
        "generic feeling - future": 0,
        "threat level": 0,
        "notes": "<n/a>"
    }
}
