{
    "answers": {
        "phase": "design",
        "action": "source code authoring",
        "scope": "backend",
        "action experience": 4,
        "language": "python",
        "other language": "<fill in>",
        "aimodel": "chatgpt",
        "aimodel version": "3.5",
        "open source aimodel": "<fill in>",
        "tool option": "online free",
        "experience with tool": 3,
        "time allocated (h)": "0.3",
        "time saved estimate (h)": "1", 
        "quality of ai help": 3,
        "knowledge acquired": 2,
        "generic feeling - now": 2,
        "generic feeling - future": 5,
        "threat level": 1,
        "notes": "<fill in>"
    }
}