{
    "answers": {
        "phase": "architecture",
        "action": "problem understanding",
        "scope": "backend",
        "action experience": 5,
        "language": "sql",
        "other language": "nosql",
        "aimodel": "chatgpt",
        "aimodel version": 4,
        "open source aimodel": "n/a",
        "tool option": "open source",
        "experience with tool": 4,
        "time allocated (h)": "10",
        "time saved estimate (h)": "5",
        "quality of ai help": 5,
        "knowledge acquired": 5,
        "generic feeling - now": 5,
        "generic feeling - future": 5,
        "threat level": 1,
        "notes": "Designed a hybrid SQL-NoSQL database approach for toll transactions, ensuring ACID compliance for structured data while leveraging NoSQL for real-time analytics."
    }
}