{
    "answers": {
        "phase": "requirements specification",
        "action": "unit testing",
        "scope": "frontend",
        "action experience": 3,
        "language": "js",
        "other language": "<fill in>",
        "aimodel": "chatgpt",
        "aimodel version": "4o",
        "open source aimodel": "<fill in>",
        "tool option": "online free",
        "experience with tool": 5,
        "time allocated (h)": "0.2",
        "time saved estimate (h)": "0.1", 
        "quality of ai help": 5,
        "knowledge acquired": 5,
        "generic feeling - now": 5,
        "generic feeling - future": 5,
        "threat level": 3,
        "notes": "<fill in>"
    }
}