{
    "answers": {
        "phase": "coding",
        "action": "problem understanding",
        "scope": "backend",
        "action experience": 4,
        "language": "python",
        "other language": "<fill in>",
        "aimodel": "chatgpt",
        "aimodel version": "4o",
        "open source aimodel": "<fill in>",
        "tool option": "online full",
        "experience with tool": 4,
        "time allocated (h)": "3",
        "time saved estimate (h)": "5",
        "quality of ai help": 5,
        "knowledge acquired": 5,
        "generic feeling - now": 5,
        "generic feeling - future": 5,
        "threat level": 1,
        "notes": "Great step-by-step guide for integrating Celery into Django."
    }
}
